filename,iterations,moves,solved,H/V,types,dimension
board0.csv,238,6,yes,3:3,0:4:2:0:0,6
board1.csv,9,3,yes,4:2,0:4:2:0:0,6
board10.csv,11,3,yes,4:2,0:4:2:0:0,6
board100.csv,676,-,no,4:2,0:4:2:0:0,6
board101.csv,480,-,no,5:1,0:4:2:0:0,6
board102.csv,9,3,yes,5:1,0:4:2:0:0,6
board103.csv,382,7,yes,2:4,0:4:2:0:0,6
board104.csv,8,3,yes,6:0,0:4:2:0:0,6
board105.csv,445,8,yes,1:5,0:4:2:0:0,6
board106.csv,46,7,yes,3:3,0:4:2:0:0,6
board107.csv,271,10,yes,2:3,0:1:4:0:0,6
board108.csv,357,8,yes,3:3,0:4:2:0:0,6
board109.csv,380,-,no,4:2,0:4:2:0:0,6
board11.csv,9,3,yes,4:2,0:4:2:0:0,6
board110.csv,174,-,no,5:1,0:4:2:0:0,6
board111.csv,10,3,yes,4:3,0:7:0:0:0,6
board112.csv,577,6,yes,4:2,0:4:2:0:0,6
board113.csv,21,4,yes,2:4,0:4:2:0:0,6
board114.csv,212,-,no,4:2,0:4:2:0:0,6
board115.csv,354,14,yes,3:3,0:4:2:0:0,6
board116.csv,102,6,yes,2:3,0:1:4:0:0,6
board117.csv,85,5,yes,3:3,0:4:2:0:0,6
board118.csv,489,7,yes,4:2,0:4:2:0:0,6
board119.csv,736,8,yes,2:4,0:4:2:0:0,6
board12.csv,50,4,yes,4:2,0:4:2:0:0,6
board120.csv,39,4,yes,3:3,0:4:2:0:0,6
board121.csv,7,3,yes,3:4,0:7:0:0:0,6
board122.csv,672,-,no,4:2,0:4:2:0:0,6
board123.csv,125,5,yes,5:1,0:4:2:0:0,6
board124.csv,10,3,yes,5:1,0:4:2:0:0,6
board125.csv,224,6,yes,2:4,0:4:2:0:0,6
board126.csv,30,4,yes,2:4,0:4:2:0:0,6
board127.csv,298,-,no,3:3,0:4:2:0:0,6
board128.csv,182,5,yes,4:2,0:4:2:0:0,6
board129.csv,90,4,yes,3:3,0:4:2:0:0,6
board13.csv,8,3,yes,2:4,0:4:2:0:0,6
board130.csv,278,5,yes,2:5,0:7:0:0:0,6
board131.csv,12,3,yes,5:1,0:4:2:0:0,6
board132.csv,158,6,yes,3:2,0:1:4:0:0,6
board133.csv,117,-,no,5:1,0:4:2:0:0,6
board134.csv,27,4,yes,3:3,0:4:2:0:0,6
board135.csv,77,4,yes,4:3,0:7:0:0:0,6
board136.csv,192,5,yes,2:4,0:4:2:0:0,6
board137.csv,542,8,yes,4:2,0:4:2:0:0,6
board138.csv,9,3,yes,4:2,0:4:2:0:0,6
board139.csv,857,-,no,5:1,0:4:2:0:0,6
board14.csv,76,-,no,4:1,0:1:4:0:0,6
board140.csv,660,8,yes,5:1,0:4:2:0:0,6
board141.csv,163,8,yes,3:2,0:1:4:0:0,6
board142.csv,144,-,no,4:2,0:4:2:0:0,6
board143.csv,21,4,yes,2:4,0:4:2:0:0,6
board144.csv,324,-,no,3:3,0:4:2:0:0,6
board145.csv,192,-,no,5:0,0:1:4:0:0,6
board146.csv,6,3,yes,3:3,0:4:2:0:0,6
board147.csv,13,-,no,3:3,0:4:2:0:0,6
board148.csv,25,4,yes,4:2,0:4:2:0:0,6
board149.csv,12,3,yes,6:0,0:4:2:0:0,6
board15.csv,887,7,yes,4:2,0:4:2:0:0,6
board150.csv,9,3,yes,5:1,0:4:2:0:0,6
board151.csv,70,5,yes,2:4,0:4:2:0:0,6
board152.csv,73,5,yes,4:1,0:1:4:0:0,6
board153.csv,637,8,yes,5:1,0:4:2:0:0,6
board154.csv,7,3,yes,3:3,0:4:2:0:0,6
board155.csv,8,3,yes,5:1,0:4:2:0:0,6
board156.csv,43,4,yes,3:3,0:4:2:0:0,6
board157.csv,98,11,yes,3:2,0:1:4:0:0,6
board158.csv,8,3,yes,2:4,0:4:2:0:0,6
board159.csv,250,6,yes,2:4,0:4:2:0:0,6
board16.csv,230,8,yes,3:3,0:4:2:0:0,6
board160.csv,18,-,no,4:2,0:4:2:0:0,6
board161.csv,228,-,no,3:3,0:4:2:0:0,6
board162.csv,360,7,yes,2:3,0:1:4:0:0,6
board163.csv,77,5,yes,3:2,0:1:4:0:0,6
board164.csv,11,3,yes,5:1,0:4:2:0:0,6
board165.csv,369,9,yes,1:4,0:1:4:0:0,6
board166.csv,10,3,yes,3:3,0:4:2:0:0,6
board167.csv,29,4,yes,3:3,0:4:2:0:0,6
board168.csv,103,5,yes,3:4,0:7:0:0:0,6
board169.csv,48,5,yes,4:1,0:1:4:0:0,6
board17.csv,10,3,yes,3:3,0:4:2:0:0,6
board170.csv,56,4,yes,4:2,0:4:2:0:0,6
board171.csv,146,5,yes,4:2,0:4:2:0:0,6
board172.csv,22,4,yes,4:2,0:4:2:0:0,6
board173.csv,993,-,no,5:1,0:4:2:0:0,6
board174.csv,10,3,yes,5:1,0:4:2:0:0,6
board175.csv,28,4,yes,3:3,0:4:2:0:0,6
board176.csv,49,4,yes,4:1,0:1:4:0:0,6
board177.csv,180,-,no,5:1,0:4:2:0:0,6
board178.csv,4715,-,no,5:2,0:7:0:0:0,6
board179.csv,11,3,yes,6:0,0:4:2:0:0,6
board18.csv,452,6,yes,3:3,0:4:2:0:0,6
board180.csv,126,9,yes,3:2,0:1:4:0:0,6
board181.csv,1141,8,yes,3:3,0:4:2:0:0,6
board182.csv,457,-,no,4:2,0:4:2:0:0,6
board183.csv,1770,9,yes,3:3,0:4:2:0:0,6
board184.csv,11,3,yes,4:2,0:4:2:0:0,6
board185.csv,427,17,yes,3:3,0:4:2:0:0,6
board186.csv,409,9,yes,2:4,0:4:2:0:0,6
board187.csv,415,-,no,2:4,0:4:2:0:0,6
board188.csv,212,5,yes,3:3,0:4:2:0:0,6
board189.csv,55,4,yes,3:3,0:4:2:0:0,6
board19.csv,7,3,yes,4:2,0:4:2:0:0,6
board190.csv,17,4,yes,4:1,0:1:4:0:0,6
board191.csv,198,-,no,5:1,0:4:2:0:0,6
board192.csv,581,9,yes,5:1,0:4:2:0:0,6
board193.csv,380,-,no,4:2,0:4:2:0:0,6
board194.csv,268,7,yes,1:5,0:4:2:0:0,6
board195.csv,49,4,yes,4:1,0:1:4:0:0,6
board196.csv,527,6,yes,4:3,0:7:0:0:0,6
board197.csv,825,7,yes,3:3,0:4:2:0:0,6
board198.csv,183,5,yes,2:4,0:4:2:0:0,6
board199.csv,8,3,yes,5:1,0:4:2:0:0,6
board2.csv,360,-,no,5:1,0:4:2:0:0,6
board20.csv,377,8,yes,2:4,0:4:2:0:0,6
board200.csv,318,6,yes,3:3,0:4:2:0:0,6
board201.csv,654,7,yes,1:5,0:4:2:0:0,6
board202.csv,630,6,yes,1:5,0:4:2:0:0,6
board203.csv,64,-,no,5:1,0:4:2:0:0,6
board204.csv,135,7,yes,2:4,0:4:2:0:0,6
board205.csv,202,5,yes,3:3,0:4:2:0:0,6
board206.csv,470,8,yes,2:4,0:4:2:0:0,6
board207.csv,143,7,yes,5:1,0:4:2:0:0,6
board208.csv,9,3,yes,4:2,0:4:2:0:0,6
board209.csv,175,5,yes,4:2,0:4:2:0:0,6
board21.csv,32,5,yes,3:3,0:4:2:0:0,6
board210.csv,82,6,yes,3:3,0:4:2:0:0,6
board211.csv,232,6,yes,4:2,0:4:2:0:0,6
board212.csv,1361,9,yes,2:4,0:4:2:0:0,6
board213.csv,9,3,yes,4:2,0:4:2:0:0,6
board214.csv,55,4,yes,5:1,0:4:2:0:0,6
board215.csv,59,4,yes,3:3,0:4:2:0:0,6
board216.csv,8,3,yes,5:1,0:4:2:0:0,6
board217.csv,11,3,yes,4:2,0:4:2:0:0,6
board218.csv,10,3,yes,4:3,0:7:0:0:0,6
board219.csv,62,5,yes,4:2,0:4:2:0:0,6
board22.csv,596,8,yes,1:5,0:4:2:0:0,6
board220.csv,299,7,yes,3:3,0:4:2:0:0,6
board221.csv,51,4,yes,5:1,0:4:2:0:0,6
board222.csv,1005,-,no,5:1,0:4:2:0:0,6
board223.csv,9,3,yes,4:2,0:4:2:0:0,6
board224.csv,231,11,yes,2:3,0:1:4:0:0,6
board225.csv,442,5,yes,5:2,0:7:0:0:0,6
board226.csv,251,7,yes,1:5,0:4:2:0:0,6
board227.csv,201,10,yes,4:2,0:4:2:0:0,6
board228.csv,231,6,yes,3:3,0:4:2:0:0,6
board229.csv,210,8,yes,4:2,0:4:2:0:0,6
board23.csv,1151,7,yes,4:2,0:4:2:0:0,6
board230.csv,28,5,yes,5:1,0:4:2:0:0,6
board231.csv,54,4,yes,2:4,0:4:2:0:0,6
board232.csv,551,6,yes,3:3,0:4:2:0:0,6
board233.csv,745,-,no,4:2,0:4:2:0:0,6
board234.csv,471,6,yes,2:4,0:4:2:0:0,6
board235.csv,8,3,yes,5:1,0:4:2:0:0,6
board236.csv,12,3,yes,3:3,0:4:2:0:0,6
board237.csv,1298,11,yes,4:2,0:4:2:0:0,6
board238.csv,3225,-,no,3:4,0:7:0:0:0,6
board239.csv,442,-,no,4:2,0:4:2:0:0,6
board24.csv,71,6,yes,3:3,0:4:2:0:0,6
board240.csv,10,3,yes,5:1,0:4:2:0:0,6
board241.csv,379,11,yes,4:2,0:4:2:0:0,6
board242.csv,7,3,yes,3:3,0:4:2:0:0,6
board243.csv,728,-,no,5:1,0:4:2:0:0,6
board244.csv,38,4,yes,3:3,0:4:2:0:0,6
board245.csv,145,5,yes,3:3,0:4:2:0:0,6
board246.csv,786,8,yes,3:3,0:4:2:0:0,6
board247.csv,471,6,yes,3:3,0:4:2:0:0,6
board248.csv,10,3,yes,6:0,0:4:2:0:0,6
board249.csv,74,5,yes,4:1,0:1:4:0:0,6
board25.csv,45,6,yes,4:2,0:4:2:0:0,6
board250.csv,321,8,yes,5:1,0:4:2:0:0,6
board251.csv,124,-,no,4:2,0:4:2:0:0,6
board252.csv,246,11,yes,4:2,0:4:2:0:0,6
board253.csv,11,3,yes,5:1,0:4:2:0:0,6
board254.csv,1080,-,no,7:0,0:7:0:0:0,6
board255.csv,198,6,yes,3:3,0:4:2:0:0,6
board256.csv,10,3,yes,5:1,0:4:2:0:0,6
board257.csv,94,5,yes,2:3,0:1:4:0:0,6
board258.csv,11,3,yes,3:4,0:7:0:0:0,6
board259.csv,360,-,no,5:1,0:4:2:0:0,6
board26.csv,249,9,yes,3:2,0:1:4:0:0,6
board260.csv,12,3,yes,3:3,0:4:2:0:0,6
board261.csv,68,5,yes,3:2,0:1:4:0:0,6
board262.csv,368,7,yes,2:4,0:4:2:0:0,6
board263.csv,46,4,yes,4:2,0:4:2:0:0,6
board264.csv,2400,-,no,6:0,0:4:2:0:0,6
board265.csv,141,10,yes,3:2,0:1:4:0:0,6
board266.csv,121,5,yes,5:1,0:4:2:0:0,6
board267.csv,222,9,yes,2:3,0:1:4:0:0,6
board268.csv,80,5,yes,2:3,0:1:4:0:0,6
board269.csv,705,-,no,1:5,0:4:2:0:0,6
board27.csv,11,3,yes,4:2,0:4:2:0:0,6
board270.csv,21,4,yes,2:4,0:4:2:0:0,6
board271.csv,10,3,yes,5:1,0:4:2:0:0,6
board272.csv,78,10,yes,4:2,0:4:2:0:0,6
board273.csv,784,-,no,4:2,0:4:2:0:0,6
board274.csv,121,5,yes,4:2,0:4:2:0:0,6
board275.csv,331,10,yes,1:4,0:1:4:0:0,6
board276.csv,145,5,yes,3:3,0:4:2:0:0,6
board277.csv,41,5,yes,3:2,0:1:4:0:0,6
board278.csv,10,3,yes,4:2,0:4:2:0:0,6
board279.csv,6,3,yes,3:3,0:4:2:0:0,6
board28.csv,188,8,yes,2:4,0:4:2:0:0,6
board280.csv,89,6,yes,3:3,0:4:2:0:0,6
board281.csv,189,-,no,5:1,0:4:2:0:0,6
board282.csv,113,4,yes,4:2,0:4:2:0:0,6
board283.csv,6,3,yes,4:2,0:4:2:0:0,6
board284.csv,136,9,yes,3:3,0:4:2:0:0,6
board285.csv,381,7,yes,4:2,0:4:2:0:0,6
board286.csv,497,-,no,5:1,0:4:2:0:0,6
board287.csv,156,5,yes,4:2,0:4:2:0:0,6
board288.csv,92,4,yes,5:1,0:4:2:0:0,6
board289.csv,8,3,yes,4:2,0:4:2:0:0,6
board29.csv,34,4,yes,2:4,0:4:2:0:0,6
board290.csv,458,6,yes,4:2,0:4:2:0:0,6
board291.csv,8,3,yes,4:2,0:4:2:0:0,6
board292.csv,30,4,yes,2:4,0:4:2:0:0,6
board293.csv,85,5,yes,3:3,0:4:2:0:0,6
board294.csv,84,5,yes,3:3,0:4:2:0:0,6
board295.csv,259,9,yes,2:3,0:1:4:0:0,6
board296.csv,31,4,yes,3:3,0:4:2:0:0,6
board297.csv,196,15,yes,2:4,0:4:2:0:0,6
board298.csv,1741,12,yes,3:3,0:4:2:0:0,6
board299.csv,178,7,yes,4:2,0:4:2:0:0,6
board3.csv,125,5,yes,5:1,0:4:2:0:0,6
board30.csv,420,7,yes,3:3,0:4:2:0:0,6
board300.csv,14,4,yes,2:4,0:4:2:0:0,6
board301.csv,10,3,yes,5:1,0:4:2:0:0,6
board302.csv,8,3,yes,3:3,0:4:2:0:0,6
board303.csv,8,3,yes,6:0,0:4:2:0:0,6
board304.csv,984,-,no,2:5,0:7:0:0:0,6
board305.csv,175,5,yes,2:4,0:4:2:0:0,6
board306.csv,1032,8,yes,1:5,0:4:2:0:0,6
board307.csv,95,6,yes,4:2,0:4:2:0:0,6
board308.csv,35,4,yes,3:3,0:4:2:0:0,6
board309.csv,147,5,yes,3:3,0:4:2:0:0,6
board31.csv,32,4,yes,4:2,0:4:2:0:0,6
board310.csv,8,3,yes,5:1,0:4:2:0:0,6
board311.csv,672,-,no,4:2,0:4:2:0:0,6
board312.csv,71,4,yes,3:3,0:4:2:0:0,6
board313.csv,936,-,no,2:5,0:7:0:0:0,6
board314.csv,10,3,yes,4:2,0:4:2:0:0,6
board315.csv,128,7,yes,4:2,0:4:2:0:0,6
board316.csv,241,9,yes,3:3,0:4:2:0:0,6
board317.csv,482,9,yes,2:4,0:4:2:0:0,6
board318.csv,10,3,yes,4:2,0:4:2:0:0,6
board319.csv,239,6,yes,3:3,0:4:2:0:0,6
board32.csv,1080,-,no,5:1,0:4:2:0:0,6
board320.csv,7,3,yes,4:2,0:4:2:0:0,6
board321.csv,436,8,yes,3:3,0:4:2:0:0,6
board322.csv,97,6,yes,3:2,0:1:4:0:0,6
board323.csv,260,11,yes,2:3,0:1:4:0:0,6
board324.csv,225,7,yes,2:3,0:1:4:0:0,6
board325.csv,10,3,yes,6:0,0:4:2:0:0,6
board326.csv,10,3,yes,5:1,0:4:2:0:0,6
board327.csv,356,-,no,4:2,0:4:2:0:0,6
board328.csv,322,11,yes,2:3,0:1:4:0:0,6
board329.csv,676,6,yes,4:2,0:4:2:0:0,6
board33.csv,454,6,yes,3:3,0:4:2:0:0,6
board330.csv,1531,10,yes,3:3,0:4:2:0:0,6
board331.csv,363,8,yes,2:3,0:1:4:0:0,6
board332.csv,705,-,no,1:5,0:4:2:0:0,6
board333.csv,1124,12,yes,3:3,0:4:2:0:0,6
board334.csv,8,3,yes,5:1,0:4:2:0:0,6
board335.csv,330,-,no,2:4,0:4:2:0:0,6
board336.csv,143,6,yes,3:3,0:4:2:0:0,6
board337.csv,694,-,no,4:2,0:4:2:0:0,6
board338.csv,9,3,yes,3:3,0:4:2:0:0,6
board339.csv,13,3,yes,4:3,0:7:0:0:0,6
board34.csv,22,4,yes,3:3,0:4:2:0:0,6
board340.csv,9,3,yes,6:0,0:4:2:0:0,6
board341.csv,360,-,no,6:0,0:4:2:0:0,6
board342.csv,209,11,yes,2:3,0:1:4:0:0,6
board343.csv,226,5,yes,3:3,0:4:2:0:0,6
board344.csv,18,-,no,3:2,0:1:4:0:0,6
board345.csv,380,7,yes,2:4,0:4:2:0:0,6
board346.csv,11,3,yes,4:2,0:4:2:0:0,6
board347.csv,63,4,yes,2:4,0:4:2:0:0,6
board348.csv,177,-,no,5:1,0:4:2:0:0,6
board349.csv,18,4,yes,4:2,0:4:2:0:0,6
board35.csv,80,6,yes,3:3,0:4:2:0:0,6
board350.csv,7,3,yes,4:2,0:4:2:0:0,6
board351.csv,8,-,no,3:3,0:4:2:0:0,6
board352.csv,116,5,yes,4:2,0:4:2:0:0,6
board353.csv,7,3,yes,4:2,0:4:2:0:0,6
board354.csv,225,-,no,6:0,0:4:2:0:0,6
board355.csv,360,6,yes,4:2,0:4:2:0:0,6
board356.csv,189,6,yes,4:2,0:4:2:0:0,6
board357.csv,56,5,yes,2:3,0:1:4:0:0,6
board358.csv,383,7,yes,4:2,0:4:2:0:0,6
board359.csv,172,5,yes,2:4,0:4:2:0:0,6
board36.csv,33,4,yes,4:2,0:4:2:0:0,6
board360.csv,293,6,yes,1:5,0:4:2:0:0,6
board361.csv,43,4,yes,4:2,0:4:2:0:0,6
board362.csv,86,4,yes,3:3,0:4:2:0:0,6
board363.csv,200,5,yes,3:3,0:4:2:0:0,6
board364.csv,169,5,yes,1:5,0:4:2:0:0,6
board365.csv,9,3,yes,5:1,0:4:2:0:0,6
board366.csv,77,4,yes,3:3,0:4:2:0:0,6
board367.csv,477,7,yes,3:3,0:4:2:0:0,6
board368.csv,553,7,yes,3:3,0:4:2:0:0,6
board369.csv,514,6,yes,3:3,0:4:2:0:0,6
board37.csv,1149,-,no,5:1,0:4:2:0:0,6
board370.csv,123,6,yes,4:2,0:4:2:0:0,6
board371.csv,91,5,yes,4:2,0:4:2:0:0,6
board372.csv,376,6,yes,3:3,0:4:2:0:0,6
board373.csv,221,5,yes,3:3,0:4:2:0:0,6
board374.csv,64,4,yes,4:2,0:4:2:0:0,6
board375.csv,115,5,yes,2:4,0:4:2:0:0,6
board376.csv,8,3,yes,6:0,0:4:2:0:0,6
board377.csv,384,-,no,4:2,0:4:2:0:0,6
board378.csv,73,5,yes,4:2,0:4:2:0:0,6
board379.csv,43,4,yes,5:1,0:4:2:0:0,6
board38.csv,472,-,no,4:2,0:4:2:0:0,6
board380.csv,30,4,yes,3:2,0:1:4:0:0,6
board381.csv,62,4,yes,3:3,0:4:2:0:0,6
board382.csv,581,6,yes,4:2,0:4:2:0:0,6
board383.csv,12,3,yes,3:4,0:7:0:0:0,6
board384.csv,42,4,yes,4:2,0:4:2:0:0,6
board385.csv,162,6,yes,3:4,0:7:0:0:0,6
board386.csv,9,3,yes,5:1,0:4:2:0:0,6
board387.csv,150,-,no,5:1,0:4:2:0:0,6
board388.csv,437,8,yes,3:2,0:1:4:0:0,6
board389.csv,139,5,yes,3:3,0:4:2:0:0,6
board39.csv,396,-,no,2:4,0:4:2:0:0,6
board390.csv,606,6,yes,4:2,0:4:2:0:0,6
board391.csv,1041,-,no,5:1,0:4:2:0:0,6
board392.csv,348,-,no,3:3,0:4:2:0:0,6
board393.csv,23,4,yes,1:5,0:4:2:0:0,6
board394.csv,88,4,yes,4:3,0:7:0:0:0,6
board395.csv,456,-,no,5:2,0:7:0:0:0,6
board396.csv,337,6,yes,3:3,0:4:2:0:0,6
board397.csv,122,5,yes,3:3,0:4:2:0:0,6
board398.csv,624,8,yes,2:4,0:4:2:0:0,6
board399.csv,75,5,yes,2:4,0:4:2:0:0,6
board4.csv,927,9,yes,4:2,0:4:2:0:0,6
board40.csv,71,4,yes,3:3,0:4:2:0:0,6
board400.csv,671,8,yes,3:3,0:4:2:0:0,6
board401.csv,185,11,yes,3:3,0:4:2:0:0,6
board402.csv,9,3,yes,5:1,0:4:2:0:0,6
board403.csv,160,5,yes,3:3,0:4:2:0:0,6
board404.csv,1500,-,no,6:0,0:4:2:0:0,6
board405.csv,24,-,no,4:2,0:4:2:0:0,6
board406.csv,266,6,yes,3:3,0:4:2:0:0,6
board407.csv,395,5,yes,3:3,0:4:2:0:0,6
board408.csv,182,-,no,3:3,0:4:2:0:0,6
board409.csv,72,4,yes,3:3,0:4:2:0:0,6
board41.csv,192,7,yes,3:3,0:4:2:0:0,6
board410.csv,434,-,no,4:2,0:4:2:0:0,6
board411.csv,258,9,yes,2:3,0:1:4:0:0,6
board412.csv,140,8,yes,4:1,0:1:4:0:0,6
board413.csv,47,5,yes,4:2,0:4:2:0:0,6
board414.csv,74,5,yes,3:2,0:1:4:0:0,6
board415.csv,316,6,yes,2:4,0:4:2:0:0,6
board416.csv,6950,-,no,6:1,0:7:0:0:0,6
board417.csv,547,7,yes,4:2,0:4:2:0:0,6
board418.csv,10,3,yes,4:2,0:4:2:0:0,6
board419.csv,134,6,yes,4:2,0:4:2:0:0,6
board42.csv,209,8,yes,3:3,0:4:2:0:0,6
board420.csv,24,4,yes,3:2,0:1:4:0:0,6
board421.csv,8,3,yes,5:1,0:4:2:0:0,6
board422.csv,95,5,yes,4:1,0:1:4:0:0,6
board423.csv,11,3,yes,6:0,0:4:2:0:0,6
board424.csv,726,-,no,4:2,0:4:2:0:0,6
board425.csv,53,4,yes,3:2,0:1:4:0:0,6
board426.csv,46,4,yes,3:3,0:4:2:0:0,6
board427.csv,234,5,yes,2:4,0:4:2:0:0,6
board428.csv,192,-,no,5:0,0:1:4:0:0,6
board429.csv,206,6,yes,4:2,0:4:2:0:0,6
board43.csv,240,9,yes,4:2,0:4:2:0:0,6
board430.csv,60,4,yes,4:2,0:4:2:0:0,6
board431.csv,116,5,yes,2:4,0:4:2:0:0,6
board432.csv,491,7,yes,3:3,0:4:2:0:0,6
board433.csv,7,3,yes,2:4,0:4:2:0:0,6
board434.csv,876,-,no,2:5,0:7:0:0:0,6
board435.csv,1308,7,yes,3:3,0:4:2:0:0,6
board436.csv,99,4,yes,3:3,0:4:2:0:0,6
board437.csv,48,4,yes,3:3,0:4:2:0:0,6
board438.csv,10,-,no,4:1,0:1:4:0:0,6
board439.csv,186,-,no,5:1,0:4:2:0:0,6
board44.csv,534,6,yes,4:2,0:4:2:0:0,6
board440.csv,835,-,no,5:1,0:4:2:0:0,6
board441.csv,12,3,yes,6:0,0:4:2:0:0,6
board442.csv,161,7,yes,3:3,0:4:2:0:0,6
board443.csv,1177,7,yes,3:3,0:4:2:0:0,6
board444.csv,738,6,yes,3:3,0:4:2:0:0,6
board445.csv,20,4,yes,4:2,0:4:2:0:0,6
board446.csv,784,-,no,5:1,0:4:2:0:0,6
board447.csv,40,4,yes,2:4,0:4:2:0:0,6
board448.csv,636,-,no,4:2,0:4:2:0:0,6
board449.csv,1091,11,yes,3:3,0:4:2:0:0,6
board45.csv,70,5,yes,2:4,0:4:2:0:0,6
board450.csv,11,3,yes,5:1,0:4:2:0:0,6
board451.csv,5167,-,no,5:2,0:7:0:0:0,6
board452.csv,6,3,yes,3:3,0:4:2:0:0,6
board453.csv,223,6,yes,3:3,0:4:2:0:0,6
board454.csv,367,9,yes,2:3,0:1:4:0:0,6
board455.csv,164,-,no,3:3,0:4:2:0:0,6
board456.csv,41,4,yes,3:3,0:4:2:0:0,6
board457.csv,32,4,yes,5:1,0:4:2:0:0,6
board458.csv,393,-,no,4:2,0:4:2:0:0,6
board459.csv,401,-,no,2:4,0:4:2:0:0,6
board46.csv,414,7,yes,3:3,0:4:2:0:0,6
board460.csv,130,5,yes,4:2,0:4:2:0:0,6
board461.csv,60,4,yes,4:2,0:4:2:0:0,6
board462.csv,392,8,yes,1:4,0:1:4:0:0,6
board463.csv,34,4,yes,4:2,0:4:2:0:0,6
board464.csv,291,6,yes,4:2,0:4:2:0:0,6
board465.csv,493,8,yes,3:3,0:4:2:0:0,6
board466.csv,129,5,yes,2:4,0:4:2:0:0,6
board467.csv,66,-,no,4:2,0:4:2:0:0,6
board468.csv,360,-,no,6:0,0:4:2:0:0,6
board469.csv,269,8,yes,2:4,0:4:2:0:0,6
board47.csv,544,-,no,4:2,0:4:2:0:0,6
board470.csv,281,6,yes,3:3,0:4:2:0:0,6
board471.csv,40,4,yes,3:3,0:4:2:0:0,6
board472.csv,784,-,no,4:2,0:4:2:0:0,6
board473.csv,12,3,yes,4:2,0:4:2:0:0,6
board474.csv,139,7,yes,2:4,0:4:2:0:0,6
board475.csv,73,4,yes,3:3,0:4:2:0:0,6
board476.csv,159,5,yes,3:3,0:4:2:0:0,6
board477.csv,29,4,yes,2:4,0:4:2:0:0,6
board478.csv,38,4,yes,3:3,0:4:2:0:0,6
board479.csv,209,7,yes,5:1,0:4:2:0:0,6
board48.csv,110,5,yes,2:3,0:1:4:0:0,6
board480.csv,73,8,yes,3:3,0:4:2:0:0,6
board481.csv,863,-,no,4:2,0:4:2:0:0,6
board482.csv,31,4,yes,3:3,0:4:2:0:0,6
board483.csv,94,5,yes,4:2,0:4:2:0:0,6
board484.csv,169,5,yes,4:2,0:4:2:0:0,6
board485.csv,9,3,yes,4:2,0:4:2:0:0,6
board486.csv,107,5,yes,3:3,0:4:2:0:0,6
board487.csv,256,6,yes,3:3,0:4:2:0:0,6
board488.csv,504,-,no,3:4,0:7:0:0:0,6
board489.csv,204,7,yes,3:2,0:1:4:0:0,6
board49.csv,875,-,no,5:1,0:4:2:0:0,6
board490.csv,55,4,yes,5:1,0:4:2:0:0,6
board491.csv,37,4,yes,4:2,0:4:2:0:0,6
board492.csv,372,7,yes,2:4,0:4:2:0:0,6
board493.csv,50,5,yes,4:2,0:4:2:0:0,6
board494.csv,192,-,no,5:0,0:1:4:0:0,6
board495.csv,10,3,yes,5:1,0:4:2:0:0,6
board496.csv,585,-,no,2:4,0:4:2:0:0,6
board497.csv,189,7,yes,4:2,0:4:2:0:0,6
board498.csv,9,3,yes,4:2,0:4:2:0:0,6
board499.csv,66,-,no,3:3,0:4:2:0:0,6
board5.csv,21,-,no,4:2,0:4:2:0:0,6
board50.csv,31,4,yes,2:4,0:4:2:0:0,6
board500.csv,268,6,yes,5:1,0:4:2:0:0,6
board501.csv,9,3,yes,4:2,0:4:2:0:0,6
board502.csv,52,5,yes,3:3,0:4:2:0:0,6
board503.csv,133,5,yes,2:4,0:4:2:0:0,6
board504.csv,1190,8,yes,3:3,0:4:2:0:0,6
board505.csv,105,5,yes,1:5,0:4:2:0:0,6
board506.csv,66,4,yes,5:1,0:4:2:0:0,6
board507.csv,263,6,yes,3:3,0:4:2:0:0,6
board508.csv,10,3,yes,3:4,0:7:0:0:0,6
board509.csv,9,3,yes,4:2,0:4:2:0:0,6
board51.csv,863,-,no,4:2,0:4:2:0:0,6
board510.csv,35,4,yes,2:4,0:4:2:0:0,6
board511.csv,124,5,yes,3:2,0:1:4:0:0,6
board512.csv,10,3,yes,4:2,0:4:2:0:0,6
board513.csv,31,4,yes,5:1,0:4:2:0:0,6
board514.csv,758,-,no,4:2,0:4:2:0:0,6
board515.csv,135,5,yes,1:5,0:4:2:0:0,6
board516.csv,356,-,no,4:2,0:4:2:0:0,6
board517.csv,257,6,yes,2:4,0:4:2:0:0,6
board518.csv,162,10,yes,3:2,0:1:4:0:0,6
board519.csv,232,5,yes,3:3,0:4:2:0:0,6
board52.csv,384,6,yes,3:3,0:4:2:0:0,6
board520.csv,792,-,no,4:2,0:4:2:0:0,6
board521.csv,9,3,yes,5:0,0:1:4:0:0,6
board522.csv,12,3,yes,4:2,0:4:2:0:0,6
board523.csv,490,7,yes,3:3,0:4:2:0:0,6
board524.csv,251,6,yes,4:2,0:4:2:0:0,6
board525.csv,273,6,yes,3:2,0:1:4:0:0,6
board526.csv,558,-,no,4:2,0:4:2:0:0,6
board527.csv,196,5,yes,3:3,0:4:2:0:0,6
board528.csv,348,-,no,2:4,0:4:2:0:0,6
board529.csv,135,5,yes,3:3,0:4:2:0:0,6
board53.csv,95,5,yes,3:3,0:4:2:0:0,6
board530.csv,320,-,no,4:2,0:4:2:0:0,6
board531.csv,204,5,yes,6:1,0:7:0:0:0,6
board532.csv,67,4,yes,5:1,0:4:2:0:0,6
board533.csv,39,4,yes,5:1,0:4:2:0:0,6
board534.csv,856,-,no,4:3,0:7:0:0:0,6
board535.csv,101,5,yes,2:4,0:4:2:0:0,6
board536.csv,992,-,no,5:1,0:4:2:0:0,6
board537.csv,360,-,no,6:0,0:4:2:0:0,6
board538.csv,148,7,yes,4:2,0:4:2:0:0,6
board539.csv,186,5,yes,5:1,0:4:2:0:0,6
board54.csv,192,-,no,5:0,0:1:4:0:0,6
board540.csv,10,3,yes,5:2,0:7:0:0:0,6
board541.csv,976,-,no,5:1,0:4:2:0:0,6
board542.csv,431,6,yes,3:3,0:4:2:0:0,6
board543.csv,317,8,yes,3:3,0:4:2:0:0,6
board544.csv,73,5,yes,3:2,0:1:4:0:0,6
board545.csv,164,6,yes,3:3,0:4:2:0:0,6
board546.csv,932,8,yes,4:2,0:4:2:0:0,6
board547.csv,96,5,yes,5:1,0:4:2:0:0,6
board548.csv,207,6,yes,4:3,0:7:0:0:0,6
board549.csv,9,3,yes,5:1,0:4:2:0:0,6
board55.csv,11,3,yes,5:1,0:4:2:0:0,6
board550.csv,9,3,yes,5:1,0:4:2:0:0,6
board551.csv,521,-,no,3:3,0:4:2:0:0,6
board552.csv,140,5,yes,2:4,0:4:2:0:0,6
board553.csv,405,8,yes,4:2,0:4:2:0:0,6
board554.csv,580,7,yes,3:3,0:4:2:0:0,6
board555.csv,239,6,yes,1:5,0:4:2:0:0,6
board556.csv,601,-,no,2:4,0:4:2:0:0,6
board557.csv,7,3,yes,5:0,0:1:4:0:0,6
board558.csv,805,7,yes,3:3,0:4:2:0:0,6
board559.csv,373,7,yes,4:2,0:4:2:0:0,6
board56.csv,170,-,no,3:3,0:4:2:0:0,6
board560.csv,115,6,yes,2:4,0:4:2:0:0,6
board561.csv,2332,-,no,4:3,0:7:0:0:0,6
board562.csv,357,6,yes,4:2,0:4:2:0:0,6
board563.csv,12,3,yes,4:2,0:4:2:0:0,6
board564.csv,360,-,no,6:0,0:4:2:0:0,6
board565.csv,129,5,yes,2:4,0:4:2:0:0,6
board566.csv,297,7,yes,4:2,0:4:2:0:0,6
board567.csv,129,6,yes,4:2,0:4:2:0:0,6
board568.csv,35,4,yes,4:2,0:4:2:0:0,6
board569.csv,9,3,yes,4:2,0:4:2:0:0,6
board57.csv,382,-,no,2:4,0:4:2:0:0,6
board570.csv,860,-,no,5:1,0:4:2:0:0,6
board571.csv,11,3,yes,6:0,0:4:2:0:0,6
board572.csv,71,-,no,4:1,0:1:4:0:0,6
board573.csv,489,-,no,3:3,0:4:2:0:0,6
board574.csv,127,5,yes,2:4,0:4:2:0:0,6
board575.csv,304,-,no,4:2,0:4:2:0:0,6
board576.csv,426,-,no,3:3,0:4:2:0:0,6
board577.csv,379,-,no,3:3,0:4:2:0:0,6
board578.csv,1476,-,no,5:1,0:4:2:0:0,6
board579.csv,76,4,yes,5:1,0:4:2:0:0,6
board58.csv,10,3,yes,5:0,0:1:4:0:0,6
board580.csv,70,4,yes,4:2,0:4:2:0:0,6
board581.csv,442,6,yes,3:3,0:4:2:0:0,6
board582.csv,12,3,yes,4:3,0:7:0:0:0,6
board583.csv,63,4,yes,4:2,0:4:2:0:0,6
board584.csv,43,4,yes,3:3,0:4:2:0:0,6
board585.csv,421,8,yes,3:3,0:4:2:0:0,6
board586.csv,15,4,yes,3:3,0:4:2:0:0,6
board587.csv,693,-,no,4:2,0:4:2:0:0,6
board588.csv,632,9,yes,4:2,0:4:2:0:0,6
board589.csv,180,-,no,5:1,0:4:2:0:0,6
board59.csv,174,7,yes,3:3,0:4:2:0:0,6
board590.csv,149,6,yes,4:1,0:1:4:0:0,6
board591.csv,83,4,yes,5:1,0:4:2:0:0,6
board592.csv,153,-,no,3:3,0:4:2:0:0,6
board593.csv,244,6,yes,4:2,0:4:2:0:0,6
board594.csv,400,7,yes,3:3,0:4:2:0:0,6
board595.csv,12,3,yes,6:0,0:4:2:0:0,6
board596.csv,240,16,yes,4:2,0:4:2:0:0,6
board597.csv,12,3,yes,5:1,0:4:2:0:0,6
board598.csv,36,4,yes,4:1,0:1:4:0:0,6
board599.csv,10,3,yes,6:0,0:4:2:0:0,6
board6.csv,544,-,no,3:3,0:4:2:0:0,6
board60.csv,642,7,yes,4:2,0:4:2:0:0,6
board600.csv,198,7,yes,3:2,0:1:4:0:0,6
board601.csv,13,3,yes,3:4,0:7:0:0:0,6
board602.csv,221,5,yes,2:4,0:4:2:0:0,6
board603.csv,127,6,yes,3:2,0:1:4:0:0,6
board604.csv,200,6,yes,4:1,0:1:4:0:0,6
board605.csv,48,4,yes,5:1,0:4:2:0:0,6
board606.csv,217,10,yes,3:2,0:1:4:0:0,6
board607.csv,671,8,yes,3:3,0:4:2:0:0,6
board608.csv,22,4,yes,2:4,0:4:2:0:0,6
board609.csv,10,3,yes,4:2,0:4:2:0:0,6
board61.csv,28,4,yes,2:4,0:4:2:0:0,6
board610.csv,275,9,yes,3:2,0:1:4:0:0,6
board611.csv,116,5,yes,5:1,0:4:2:0:0,6
board612.csv,133,5,yes,3:3,0:4:2:0:0,6
board613.csv,203,11,yes,4:1,0:1:4:0:0,6
board614.csv,104,4,yes,2:5,0:7:0:0:0,6
board615.csv,334,6,yes,3:3,0:4:2:0:0,6
board616.csv,348,7,yes,3:3,0:4:2:0:0,6
board617.csv,350,6,yes,4:2,0:4:2:0:0,6
board618.csv,9,3,yes,4:2,0:4:2:0:0,6
board619.csv,16,-,no,4:1,0:1:4:0:0,6
board62.csv,8,3,yes,4:2,0:4:2:0:0,6
board620.csv,933,8,yes,3:3,0:4:2:0:0,6
board621.csv,282,8,yes,2:4,0:4:2:0:0,6
board622.csv,194,6,yes,4:2,0:4:2:0:0,6
board623.csv,12,3,yes,6:0,0:4:2:0:0,6
board624.csv,88,5,yes,4:3,0:7:0:0:0,6
board625.csv,197,6,yes,3:3,0:4:2:0:0,6
board626.csv,43,4,yes,3:3,0:4:2:0:0,6
board627.csv,733,7,yes,4:2,0:4:2:0:0,6
board628.csv,499,8,yes,5:1,0:4:2:0:0,6
board629.csv,10,3,yes,5:1,0:4:2:0:0,6
board63.csv,265,7,yes,4:2,0:4:2:0:0,6
board630.csv,670,6,yes,2:4,0:4:2:0:0,6
board631.csv,193,6,yes,2:3,0:1:4:0:0,6
board632.csv,10,3,yes,5:1,0:4:2:0:0,6
board633.csv,68,5,yes,3:3,0:4:2:0:0,6
board634.csv,8,3,yes,3:3,0:4:2:0:0,6
board635.csv,52,6,yes,1:5,0:4:2:0:0,6
board636.csv,32,4,yes,4:2,0:4:2:0:0,6
board637.csv,345,6,yes,2:4,0:4:2:0:0,6
board638.csv,511,-,no,2:4,0:4:2:0:0,6
board639.csv,127,5,yes,3:3,0:4:2:0:0,6
board64.csv,144,13,yes,3:2,0:1:4:0:0,6
board640.csv,33,4,yes,4:2,0:4:2:0:0,6
board641.csv,10,3,yes,5:1,0:4:2:0:0,6
board642.csv,69,4,yes,3:3,0:4:2:0:0,6
board643.csv,193,5,yes,4:2,0:4:2:0:0,6
board644.csv,378,10,yes,3:3,0:4:2:0:0,6
board645.csv,547,-,no,3:3,0:4:2:0:0,6
board646.csv,475,7,yes,3:3,0:4:2:0:0,6
board647.csv,4886,-,no,4:3,0:7:0:0:0,6
board648.csv,342,-,no,3:3,0:4:2:0:0,6
board649.csv,11,3,yes,4:2,0:4:2:0:0,6
board65.csv,11,3,yes,4:2,0:4:2:0:0,6
board650.csv,93,5,yes,3:3,0:4:2:0:0,6
board651.csv,450,-,no,3:3,0:4:2:0:0,6
board652.csv,268,-,no,4:2,0:4:2:0:0,6
board653.csv,81,4,yes,4:2,0:4:2:0:0,6
board654.csv,457,-,no,4:2,0:4:2:0:0,6
board655.csv,472,6,yes,4:2,0:4:2:0:0,6
board656.csv,10,3,yes,4:2,0:4:2:0:0,6
board657.csv,9,3,yes,4:2,0:4:2:0:0,6
board658.csv,53,4,yes,2:4,0:4:2:0:0,6
board659.csv,147,5,yes,4:2,0:4:2:0:0,6
board66.csv,199,10,yes,2:4,0:4:2:0:0,6
board660.csv,9,3,yes,3:3,0:4:2:0:0,6
board661.csv,847,9,yes,4:2,0:4:2:0:0,6
board662.csv,18,4,yes,2:4,0:4:2:0:0,6
board663.csv,1328,8,yes,2:4,0:4:2:0:0,6
board664.csv,399,7,yes,2:4,0:4:2:0:0,6
board665.csv,74,5,yes,3:2,0:1:4:0:0,6
board666.csv,8,3,yes,6:0,0:4:2:0:0,6
board667.csv,35,4,yes,4:2,0:4:2:0:0,6
board668.csv,83,8,yes,3:2,0:1:4:0:0,6
board669.csv,36,4,yes,4:1,0:1:4:0:0,6
board67.csv,62,4,yes,3:3,0:4:2:0:0,6
board670.csv,31,4,yes,4:2,0:4:2:0:0,6
board671.csv,107,5,yes,3:3,0:4:2:0:0,6
board672.csv,317,6,yes,5:1,0:4:2:0:0,6
board673.csv,34,4,yes,4:1,0:1:4:0:0,6
board674.csv,360,-,no,6:0,0:4:2:0:0,6
board675.csv,1080,-,no,5:1,0:4:2:0:0,6
board676.csv,44,4,yes,4:2,0:4:2:0:0,6
board677.csv,9,3,yes,5:0,0:1:4:0:0,6
board678.csv,148,5,yes,4:2,0:4:2:0:0,6
board679.csv,56,4,yes,3:3,0:4:2:0:0,6
board68.csv,192,-,no,5:0,0:1:4:0:0,6
board680.csv,42,-,no,1:5,0:4:2:0:0,6
board681.csv,36,-,no,2:4,0:4:2:0:0,6
board682.csv,43,4,yes,5:1,0:4:2:0:0,6
board683.csv,156,5,yes,3:2,0:1:4:0:0,6
board684.csv,318,-,no,4:2,0:4:2:0:0,6
board685.csv,398,11,yes,2:3,0:1:4:0:0,6
board686.csv,48,4,yes,2:5,0:7:0:0:0,6
board687.csv,3537,-,no,5:2,0:7:0:0:0,6
board688.csv,260,12,yes,2:3,0:1:4:0:0,6
board689.csv,367,6,yes,2:4,0:4:2:0:0,6
board69.csv,55,4,yes,4:2,0:4:2:0:0,6
board690.csv,94,8,yes,2:4,0:4:2:0:0,6
board691.csv,449,-,no,4:2,0:4:2:0:0,6
board692.csv,296,7,yes,2:4,0:4:2:0:0,6
board693.csv,9,3,yes,4:3,0:7:0:0:0,6
board694.csv,31,4,yes,3:2,0:1:4:0:0,6
board695.csv,8,3,yes,4:2,0:4:2:0:0,6
board696.csv,9,3,yes,5:2,0:7:0:0:0,6
board697.csv,12,3,yes,6:0,0:4:2:0:0,6
board698.csv,10,3,yes,6:0,0:4:2:0:0,6
board699.csv,952,23,yes,3:3,0:4:2:0:0,6
board7.csv,126,7,yes,3:2,0:1:4:0:0,6
board70.csv,270,6,yes,3:3,0:4:2:0:0,6
board700.csv,162,5,yes,4:2,0:4:2:0:0,6
board701.csv,151,5,yes,3:3,0:4:2:0:0,6
board702.csv,635,7,yes,4:2,0:4:2:0:0,6
board703.csv,375,-,no,5:1,0:4:2:0:0,6
board704.csv,58,5,yes,2:4,0:4:2:0:0,6
board705.csv,65,7,yes,4:1,0:1:4:0:0,6
board706.csv,52,-,no,3:3,0:4:2:0:0,6
board707.csv,45,-,no,3:3,0:4:2:0:0,6
board708.csv,75,4,yes,4:2,0:4:2:0:0,6
board709.csv,60,-,no,3:3,0:4:2:0:0,6
board71.csv,1500,-,no,6:0,0:4:2:0:0,6
board710.csv,96,4,yes,4:2,0:4:2:0:0,6
board711.csv,258,5,yes,2:4,0:4:2:0:0,6
board712.csv,360,-,no,6:0,0:4:2:0:0,6
board713.csv,51,4,yes,4:2,0:4:2:0:0,6
board714.csv,681,6,yes,2:4,0:4:2:0:0,6
board715.csv,252,-,no,2:4,0:4:2:0:0,6
board716.csv,10,3,yes,5:1,0:4:2:0:0,6
board717.csv,748,-,no,3:4,0:7:0:0:0,6
board718.csv,27,4,yes,4:1,0:1:4:0:0,6
board719.csv,4613,-,no,5:2,0:7:0:0:0,6
board72.csv,10,3,yes,5:0,0:1:4:0:0,6
board720.csv,1874,9,yes,3:3,0:4:2:0:0,6
board721.csv,54,4,yes,2:4,0:4:2:0:0,6
board722.csv,753,9,yes,4:2,0:4:2:0:0,6
board723.csv,638,-,no,5:1,0:4:2:0:0,6
board724.csv,216,7,yes,1:5,0:4:2:0:0,6
board725.csv,112,5,yes,4:1,0:1:4:0:0,6
board726.csv,36,-,no,3:3,0:4:2:0:0,6
board727.csv,108,5,yes,3:3,0:4:2:0:0,6
board728.csv,212,6,yes,5:1,0:4:2:0:0,6
board729.csv,121,5,yes,2:4,0:4:2:0:0,6
board73.csv,48,4,yes,2:4,0:4:2:0:0,6
board730.csv,74,4,yes,5:1,0:4:2:0:0,6
board731.csv,72,4,yes,5:1,0:4:2:0:0,6
board732.csv,101,5,yes,2:4,0:4:2:0:0,6
board733.csv,7,3,yes,4:2,0:4:2:0:0,6
board734.csv,57,-,no,3:3,0:4:2:0:0,6
board735.csv,364,10,yes,1:4,0:1:4:0:0,6
board736.csv,549,6,yes,3:3,0:4:2:0:0,6
board737.csv,87,4,yes,2:4,0:4:2:0:0,6
board738.csv,31,4,yes,3:3,0:4:2:0:0,6
board739.csv,53,4,yes,4:3,0:7:0:0:0,6
board74.csv,9,3,yes,5:1,0:4:2:0:0,6
board740.csv,520,-,no,5:1,0:4:2:0:0,6
board741.csv,35,4,yes,2:4,0:4:2:0:0,6
board742.csv,179,6,yes,2:3,0:1:4:0:0,6
board743.csv,8,3,yes,4:1,0:1:4:0:0,6
board744.csv,214,5,yes,4:2,0:4:2:0:0,6
board745.csv,11,3,yes,5:1,0:4:2:0:0,6
board746.csv,424,6,yes,4:2,0:4:2:0:0,6
board747.csv,99,5,yes,4:2,0:4:2:0:0,6
board748.csv,361,7,yes,3:3,0:4:2:0:0,6
board749.csv,7,3,yes,3:3,0:4:2:0:0,6
board75.csv,522,6,yes,4:2,0:4:2:0:0,6
board750.csv,2286,-,no,6:1,0:7:0:0:0,6
board751.csv,54,4,yes,3:3,0:4:2:0:0,6
board752.csv,994,8,yes,4:2,0:4:2:0:0,6
board753.csv,410,6,yes,5:1,0:4:2:0:0,6
board754.csv,12,3,yes,4:2,0:4:2:0:0,6
board755.csv,49,4,yes,4:2,0:4:2:0:0,6
board756.csv,384,-,no,3:3,0:4:2:0:0,6
board757.csv,251,5,yes,4:2,0:4:2:0:0,6
board758.csv,88,-,no,4:2,0:4:2:0:0,6
board759.csv,270,5,yes,2:4,0:4:2:0:0,6
board76.csv,121,5,yes,1:5,0:4:2:0:0,6
board760.csv,504,-,no,3:3,0:4:2:0:0,6
board761.csv,54,5,yes,3:3,0:4:2:0:0,6
board762.csv,5,3,yes,5:1,0:4:2:0:0,6
board763.csv,253,11,yes,4:2,0:4:2:0:0,6
board764.csv,442,9,yes,3:2,0:1:4:0:0,6
board765.csv,10,3,yes,3:4,0:7:0:0:0,6
board766.csv,8,3,yes,5:1,0:4:2:0:0,6
board767.csv,51,4,yes,5:1,0:4:2:0:0,6
board768.csv,8,3,yes,4:2,0:4:2:0:0,6
board769.csv,417,8,yes,2:4,0:4:2:0:0,6
board77.csv,437,-,no,3:3,0:4:2:0:0,6
board770.csv,181,5,yes,2:4,0:4:2:0:0,6
board771.csv,315,-,no,3:3,0:4:2:0:0,6
board772.csv,137,5,yes,2:4,0:4:2:0:0,6
board773.csv,302,9,yes,3:3,0:4:2:0:0,6
board774.csv,97,4,yes,4:3,0:7:0:0:0,6
board775.csv,9,3,yes,3:3,0:4:2:0:0,6
board776.csv,223,6,yes,3:2,0:1:4:0:0,6
board777.csv,11,3,yes,4:2,0:4:2:0:0,6
board778.csv,64,5,yes,4:1,0:1:4:0:0,6
board779.csv,61,4,yes,4:2,0:4:2:0:0,6
board78.csv,36,-,no,3:3,0:4:2:0:0,6
board780.csv,38,4,yes,3:3,0:4:2:0:0,6
board781.csv,35,4,yes,2:4,0:4:2:0:0,6
board782.csv,287,8,yes,2:3,0:1:4:0:0,6
board783.csv,1341,10,yes,4:2,0:4:2:0:0,6
board784.csv,243,-,no,2:4,0:4:2:0:0,6
board785.csv,10,3,yes,3:3,0:4:2:0:0,6
board786.csv,624,-,no,4:2,0:4:2:0:0,6
board787.csv,225,9,yes,3:3,0:4:2:0:0,6
board788.csv,775,9,yes,3:3,0:4:2:0:0,6
board789.csv,48,4,yes,4:2,0:4:2:0:0,6
board79.csv,801,10,yes,3:3,0:4:2:0:0,6
board790.csv,191,9,yes,2:4,0:4:2:0:0,6
board791.csv,761,6,yes,3:3,0:4:2:0:0,6
board792.csv,238,7,yes,3:2,0:1:4:0:0,6
board793.csv,449,7,yes,3:3,0:4:2:0:0,6
board794.csv,400,10,yes,5:1,0:4:2:0:0,6
board795.csv,57,4,yes,2:4,0:4:2:0:0,6
board796.csv,11,3,yes,3:3,0:4:2:0:0,6
board797.csv,8,3,yes,5:1,0:4:2:0:0,6
board798.csv,672,-,no,4:2,0:4:2:0:0,6
board799.csv,130,5,yes,3:3,0:4:2:0:0,6
board8.csv,147,6,yes,5:1,0:4:2:0:0,6
board80.csv,441,-,no,3:3,0:4:2:0:0,6
board800.csv,378,9,yes,1:5,0:4:2:0:0,6
board801.csv,211,5,yes,2:4,0:4:2:0:0,6
board802.csv,1395,9,yes,3:3,0:4:2:0:0,6
board803.csv,159,6,yes,3:2,0:1:4:0:0,6
board804.csv,1187,7,yes,4:3,0:7:0:0:0,6
board805.csv,52,-,no,4:2,0:4:2:0:0,6
board806.csv,253,5,yes,4:2,0:4:2:0:0,6
board807.csv,360,-,no,5:1,0:4:2:0:0,6
board808.csv,105,6,yes,4:2,0:4:2:0:0,6
board809.csv,8,3,yes,3:3,0:4:2:0:0,6
board81.csv,509,-,no,3:3,0:4:2:0:0,6
board810.csv,118,4,yes,3:3,0:4:2:0:0,6
board811.csv,191,6,yes,4:1,0:1:4:0:0,6
board812.csv,148,5,yes,1:5,0:4:2:0:0,6
board813.csv,44,4,yes,3:3,0:4:2:0:0,6
board814.csv,87,4,yes,5:1,0:4:2:0:0,6
board815.csv,863,-,no,4:2,0:4:2:0:0,6
board816.csv,360,-,no,6:0,0:4:2:0:0,6
board817.csv,61,4,yes,3:3,0:4:2:0:0,6
board818.csv,577,9,yes,1:5,0:4:2:0:0,6
board819.csv,143,6,yes,3:3,0:4:2:0:0,6
board82.csv,263,8,yes,2:3,0:1:4:0:0,6
board820.csv,32,4,yes,3:3,0:4:2:0:0,6
board821.csv,468,-,no,3:3,0:4:2:0:0,6
board822.csv,98,-,no,3:3,0:4:2:0:0,6
board823.csv,468,7,yes,3:3,0:4:2:0:0,6
board824.csv,11,3,yes,5:1,0:4:2:0:0,6
board825.csv,218,5,yes,2:4,0:4:2:0:0,6
board826.csv,405,6,yes,1:5,0:4:2:0:0,6
board827.csv,341,6,yes,3:3,0:4:2:0:0,6
board828.csv,126,-,no,3:3,0:4:2:0:0,6
board829.csv,49,4,yes,4:2,0:4:2:0:0,6
board83.csv,42,-,no,3:3,0:4:2:0:0,6
board830.csv,771,9,yes,2:4,0:4:2:0:0,6
board831.csv,151,6,yes,2:4,0:4:2:0:0,6
board832.csv,259,8,yes,2:3,0:1:4:0:0,6
board833.csv,185,5,yes,4:2,0:4:2:0:0,6
board834.csv,314,5,yes,2:4,0:4:2:0:0,6
board835.csv,180,6,yes,4:1,0:1:4:0:0,6
board836.csv,8,3,yes,5:1,0:4:2:0:0,6
board837.csv,1310,13,yes,3:3,0:4:2:0:0,6
board838.csv,73,5,yes,4:2,0:4:2:0:0,6
board839.csv,74,4,yes,3:3,0:4:2:0:0,6
board84.csv,12,3,yes,5:1,0:4:2:0:0,6
board840.csv,318,6,yes,2:4,0:4:2:0:0,6
board841.csv,554,-,no,4:2,0:4:2:0:0,6
board842.csv,437,-,no,4:2,0:4:2:0:0,6
board843.csv,30,4,yes,2:4,0:4:2:0:0,6
board844.csv,1125,8,yes,3:3,0:4:2:0:0,6
board845.csv,9,3,yes,4:2,0:4:2:0:0,6
board846.csv,3636,-,no,3:4,0:7:0:0:0,6
board847.csv,9,3,yes,3:3,0:4:2:0:0,6
board848.csv,9,3,yes,5:1,0:4:2:0:0,6
board849.csv,185,7,yes,3:3,0:4:2:0:0,6
board85.csv,29,4,yes,2:4,0:4:2:0:0,6
board850.csv,9,3,yes,5:1,0:4:2:0:0,6
board851.csv,360,-,no,1:5,0:4:2:0:0,6
board852.csv,44,4,yes,3:3,0:4:2:0:0,6
board853.csv,1140,9,yes,3:3,0:4:2:0:0,6
board854.csv,10,3,yes,5:1,0:4:2:0:0,6
board855.csv,37,4,yes,4:2,0:4:2:0:0,6
board856.csv,170,-,no,3:3,0:4:2:0:0,6
board857.csv,9,3,yes,5:1,0:4:2:0:0,6
board858.csv,1500,-,no,6:0,0:4:2:0:0,6
board859.csv,215,5,yes,4:3,0:7:0:0:0,6
board86.csv,54,5,yes,3:2,0:1:4:0:0,6
board860.csv,9,3,yes,4:2,0:4:2:0:0,6
board861.csv,8,3,yes,5:1,0:4:2:0:0,6
board862.csv,104,5,yes,5:1,0:4:2:0:0,6
board863.csv,9,3,yes,6:0,0:4:2:0:0,6
board864.csv,47,4,yes,3:3,0:4:2:0:0,6
board865.csv,225,-,no,5:1,0:4:2:0:0,6
board866.csv,9,3,yes,4:2,0:4:2:0:0,6
board867.csv,101,5,yes,4:2,0:4:2:0:0,6
board868.csv,372,8,yes,4:2,0:4:2:0:0,6
board869.csv,572,8,yes,3:3,0:4:2:0:0,6
board87.csv,395,6,yes,4:2,0:4:2:0:0,6
board870.csv,320,8,yes,1:4,0:1:4:0:0,6
board871.csv,362,9,yes,3:3,0:4:2:0:0,6
board872.csv,704,7,yes,5:1,0:4:2:0:0,6
board873.csv,98,6,yes,4:2,0:4:2:0:0,6
board874.csv,120,6,yes,3:3,0:4:2:0:0,6
board875.csv,110,6,yes,4:2,0:4:2:0:0,6
board876.csv,960,-,no,5:1,0:4:2:0:0,6
board877.csv,38,4,yes,3:3,0:4:2:0:0,6
board878.csv,103,-,no,3:3,0:4:2:0:0,6
board879.csv,186,5,yes,5:1,0:4:2:0:0,6
board88.csv,506,-,no,5:1,0:4:2:0:0,6
board880.csv,56,4,yes,4:3,0:7:0:0:0,6
board881.csv,11,3,yes,4:2,0:4:2:0:0,6
board882.csv,7,3,yes,5:2,0:7:0:0:0,6
board883.csv,93,4,yes,5:1,0:4:2:0:0,6
board884.csv,835,-,no,5:1,0:4:2:0:0,6
board885.csv,112,6,yes,4:2,0:4:2:0:0,6
board886.csv,1145,8,yes,3:3,0:4:2:0:0,6
board887.csv,221,6,yes,3:3,0:4:2:0:0,6
board888.csv,759,8,yes,2:4,0:4:2:0:0,6
board889.csv,9,3,yes,5:1,0:4:2:0:0,6
board89.csv,636,-,no,4:2,0:4:2:0:0,6
board890.csv,518,-,no,4:2,0:4:2:0:0,6
board891.csv,108,6,yes,4:1,0:1:4:0:0,6
board892.csv,220,6,yes,3:2,0:1:4:0:0,6
board893.csv,12,3,yes,5:1,0:4:2:0:0,6
board894.csv,9,3,yes,5:2,0:7:0:0:0,6
board895.csv,6,3,yes,3:3,0:4:2:0:0,6
board896.csv,60,4,yes,4:2,0:4:2:0:0,6
board897.csv,12,3,yes,5:1,0:4:2:0:0,6
board898.csv,59,4,yes,4:2,0:4:2:0:0,6
board899.csv,12,3,yes,6:0,0:4:2:0:0,6
board9.csv,298,-,no,3:3,0:4:2:0:0,6
board90.csv,20,4,yes,5:1,0:4:2:0:0,6
board900.csv,162,-,no,1:5,0:4:2:0:0,6
board901.csv,10,3,yes,5:1,0:4:2:0:0,6
board902.csv,212,5,yes,5:2,0:7:0:0:0,6
board903.csv,29,4,yes,2:4,0:4:2:0:0,6
board904.csv,138,8,yes,5:1,0:4:2:0:0,6
board905.csv,316,5,yes,4:3,0:7:0:0:0,6
board906.csv,79,6,yes,2:3,0:1:4:0:0,6
board907.csv,9,3,yes,4:2,0:4:2:0:0,6
board908.csv,502,6,yes,3:4,0:7:0:0:0,6
board909.csv,8,3,yes,3:3,0:4:2:0:0,6
board91.csv,1360,8,yes,3:3,0:4:2:0:0,6
board910.csv,296,-,no,4:2,0:4:2:0:0,6
board911.csv,12,3,yes,5:1,0:4:2:0:0,6
board912.csv,266,5,yes,2:4,0:4:2:0:0,6
board913.csv,303,6,yes,3:3,0:4:2:0:0,6
board914.csv,33,4,yes,4:2,0:4:2:0:0,6
board915.csv,304,6,yes,4:2,0:4:2:0:0,6
board916.csv,169,5,yes,3:3,0:4:2:0:0,6
board917.csv,87,-,no,2:4,0:4:2:0:0,6
board918.csv,131,5,yes,3:3,0:4:2:0:0,6
board919.csv,8,3,yes,5:1,0:4:2:0:0,6
board92.csv,49,6,yes,3:2,0:1:4:0:0,6
board920.csv,449,10,yes,3:2,0:1:4:0:0,6
board921.csv,217,11,yes,3:2,0:1:4:0:0,6
board922.csv,13,3,yes,6:0,0:4:2:0:0,6
board923.csv,62,4,yes,2:4,0:4:2:0:0,6
board924.csv,353,8,yes,1:4,0:1:4:0:0,6
board925.csv,48,4,yes,4:2,0:4:2:0:0,6
board926.csv,87,5,yes,3:2,0:1:4:0:0,6
board927.csv,39,7,yes,3:3,0:4:2:0:0,6
board928.csv,252,-,no,4:2,0:4:2:0:0,6
board929.csv,8,3,yes,4:2,0:4:2:0:0,6
board93.csv,39,4,yes,3:3,0:4:2:0:0,6
board930.csv,161,5,yes,3:3,0:4:2:0:0,6
board931.csv,45,4,yes,3:4,0:7:0:0:0,6
board932.csv,348,5,yes,3:3,0:4:2:0:0,6
board933.csv,8,3,yes,4:1,0:1:4:0:0,6
board934.csv,165,5,yes,3:3,0:4:2:0:0,6
board935.csv,104,5,yes,2:4,0:4:2:0:0,6
board936.csv,112,-,no,3:3,0:4:2:0:0,6
board937.csv,11,3,yes,4:3,0:7:0:0:0,6
board938.csv,12,3,yes,5:1,0:4:2:0:0,6
board939.csv,13,3,yes,6:0,0:4:2:0:0,6
board94.csv,55,5,yes,1:6,0:7:0:0:0,6
board940.csv,634,-,no,4:2,0:4:2:0:0,6
board941.csv,140,5,yes,4:2,0:4:2:0:0,6
board942.csv,324,8,yes,1:4,0:1:4:0:0,6
board943.csv,937,10,yes,2:4,0:4:2:0:0,6
board944.csv,922,8,yes,2:4,0:4:2:0:0,6
board945.csv,349,7,yes,2:4,0:4:2:0:0,6
board946.csv,3511,-,no,4:3,0:7:0:0:0,6
board947.csv,423,8,yes,3:3,0:4:2:0:0,6
board948.csv,435,7,yes,3:3,0:4:2:0:0,6
board949.csv,735,8,yes,3:3,0:4:2:0:0,6
board95.csv,10,3,yes,6:0,0:4:2:0:0,6
board950.csv,9,3,yes,4:2,0:4:2:0:0,6
board951.csv,54,4,yes,3:2,0:1:4:0:0,6
board952.csv,9,3,yes,3:3,0:4:2:0:0,6
board953.csv,438,6,yes,3:3,0:4:2:0:0,6
board954.csv,143,6,yes,3:3,0:4:2:0:0,6
board955.csv,58,4,yes,3:3,0:4:2:0:0,6
board956.csv,78,6,yes,4:2,0:4:2:0:0,6
board957.csv,54,4,yes,3:3,0:4:2:0:0,6
board958.csv,1809,11,yes,4:2,0:4:2:0:0,6
board959.csv,838,-,no,5:1,0:4:2:0:0,6
board96.csv,11,3,yes,2:4,0:4:2:0:0,6
board960.csv,245,7,yes,2:4,0:4:2:0:0,6
board961.csv,10,3,yes,6:0,0:4:2:0:0,6
board962.csv,162,5,yes,2:4,0:4:2:0:0,6
board963.csv,64,4,yes,5:1,0:4:2:0:0,6
board964.csv,9,3,yes,4:2,0:4:2:0:0,6
board965.csv,85,12,yes,4:2,0:4:2:0:0,6
board966.csv,10,3,yes,3:4,0:7:0:0:0,6
board967.csv,541,-,no,4:3,0:7:0:0:0,6
board968.csv,145,11,yes,2:3,0:1:4:0:0,6
board969.csv,199,6,yes,5:1,0:4:2:0:0,6
board97.csv,78,-,no,4:2,0:4:2:0:0,6
board970.csv,150,-,no,4:2,0:4:2:0:0,6
board971.csv,204,10,yes,5:1,0:4:2:0:0,6
board972.csv,516,8,yes,4:2,0:4:2:0:0,6
board973.csv,59,4,yes,5:1,0:4:2:0:0,6
board974.csv,204,-,no,5:1,0:4:2:0:0,6
board975.csv,276,12,yes,2:3,0:1:4:0:0,6
board976.csv,24,4,yes,4:2,0:4:2:0:0,6
board977.csv,319,10,yes,3:3,0:4:2:0:0,6
board978.csv,34,4,yes,3:4,0:7:0:0:0,6
board979.csv,191,7,yes,3:3,0:4:2:0:0,6
board98.csv,40,4,yes,4:2,0:4:2:0:0,6
board980.csv,403,10,yes,2:3,0:1:4:0:0,6
board981.csv,10,3,yes,4:1,0:1:4:0:0,6
board982.csv,1440,17,yes,4:2,0:4:2:0:0,6
board983.csv,362,8,yes,1:5,0:4:2:0:0,6
board984.csv,438,9,yes,3:3,0:4:2:0:0,6
board985.csv,64,-,no,4:2,0:4:2:0:0,6
board986.csv,72,-,no,3:3,0:4:2:0:0,6
board987.csv,53,5,yes,3:3,0:4:2:0:0,6
board988.csv,98,-,no,4:2,0:4:2:0:0,6
board989.csv,375,8,yes,1:4,0:1:4:0:0,6
board99.csv,44,4,yes,3:3,0:4:2:0:0,6
board990.csv,32,4,yes,4:2,0:4:2:0:0,6
board991.csv,190,9,yes,2:3,0:1:4:0:0,6
board992.csv,819,8,yes,4:2,0:4:2:0:0,6
board993.csv,236,7,yes,3:2,0:1:4:0:0,6
board994.csv,19,-,no,3:3,0:4:2:0:0,6
board995.csv,143,7,yes,3:3,0:4:2:0:0,6
board996.csv,9,3,yes,3:3,0:4:2:0:0,6
board997.csv,217,5,yes,2:4,0:4:2:0:0,6
board998.csv,316,8,yes,3:2,0:1:4:0:0,6
board999.csv,63,-,no,3:3,0:4:2:0:0,6
mean,207.58955223880596,5.4664179104477615,0.804,2741:2014,0:3009:1746:0:0,dim
